compound_id,label,smiles,group,yield,ee,IC50,selectivity
compound-001,1,"C[C@H](O)C(=O)O |(9.05904e+06,-2.01595e+07,;8.36502e+06,-1.95199e+07,;8.57145e+06,-1.85991e+07,;7.4639e+06,-1.98017e+07,;7.25746e+06,-2.07225e+07,;6.76987e+06,-1.91621e+07,),wU:1.0|",Series 1,60%,90%,<10,>5
compound-002,2,"COC(=O)[C@H](C)O |(1.85722e+07,-1.94439e+07,;1.94727e+07,-1.91621e+07,;2.01674e+07,-1.98017e+07,;1.9961e+07,-2.07225e+07,;2.10679e+07,-1.95199e+07,;2.17619e+07,-2.01595e+07,;2.12743e+07,-1.85991e+07,),wU:4.4|",Series 1,61%,91%,13,>6
compound-003,3,"Brc1ncnc2sccc12 |(5.45915e+06,-1.86823e+07,;6.09812e+06,-1.93777e+07,;5.81566e+06,-2.02781e+07,;6.45464e+06,-2.09722e+07,;7.37608e+06,-2.07664e+07,;7.65788e+06,-1.98659e+07,;8.51575e+06,-1.94727e+07,;8.40696e+06,-1.85355e+07,;7.48224e+06,-1.83494e+07,;7.0189e+06,-1.91712e+07,)|",Series 1,62%,92%,16,>7
compound-004,4,"C1COCCN1 |(1.42534e+07,-1.79352e+07,;1.36144e+07,-1.72406e+07,;1.2693e+07,-1.74463e+07,;1.24112e+07,-1.83468e+07,;1.30502e+07,-1.90415e+07,;1.3971e+07,-1.88357e+07,)|",Series 1,63%,93%,19,>8
compound-005,5,"c1nc(N2CCOCC2)c2ccsc2n1 |(2.06098e+07,-2.16033e+07,;1.99708e+07,-2.09086e+07,;2.02526e+07,-2.00081e+07,;1.96136e+07,-1.93135e+07,;1.98961e+07,-1.8413e+07,;1.92571e+07,-1.77183e+07,;1.83363e+07,-1.79241e+07,;1.80539e+07,-1.88252e+07,;1.86928e+07,-1.95192e+07,;2.11734e+07,-1.98024e+07,;2.16367e+07,-1.89799e+07,;2.25621e+07,-1.9166e+07,;2.26709e+07,-2.01038e+07,;2.18123e+07,-2.04964e+07,;2.15305e+07,-2.13975e+07,)|",Series 1,64%,94%,22,>9
compound-006,6,"Cc1ccc(S(=O)(=O)OCc2ccc[nH]2)cc1 |(2.48467e+07,-1.55333e+07,;2.57471e+07,-1.58158e+07,;2.64418e+07,-1.51768e+07,;2.73423e+07,-1.54586e+07,;2.75481e+07,-1.63801e+07,;2.84485e+07,-1.66619e+07,;2.81667e+07,-1.75623e+07,;2.8731e+07,-1.57614e+07,;2.9349e+07,-1.69443e+07,;2.95554e+07,-1.78651e+07,;3.04559e+07,-1.81469e+07,;3.07567e+07,-1.90415e+07,;3.17004e+07,-1.90317e+07,;3.19829e+07,-1.81312e+07,;3.12135e+07,-1.75846e+07,;2.68534e+07,-1.7019e+07,;2.59529e+07,-1.67366e+07,)|",Series 1,65%,95%,25,>10
compound-007,7,"c1c[nH]c(Cc2cc3c(N4CCOCC4)ncnc3s2)c1 |(4.14122e+07,-1.96936e+07,;4.1694e+07,-1.87931e+07,;4.09246e+07,-1.82465e+07,;4.0167e+07,-1.88095e+07,;3.92665e+07,-1.85277e+07,;3.85719e+07,-1.9166e+07,;3.76472e+07,-1.89799e+07,;3.71838e+07,-1.98024e+07,;3.6263e+07,-2.00081e+07,;3.56241e+07,-1.93135e+07,;3.59059e+07,-1.8413e+07,;3.52669e+07,-1.77183e+07,;3.43461e+07,-1.79241e+07,;3.40643e+07,-1.88252e+07,;3.47026e+07,-1.95192e+07,;3.59806e+07,-2.09086e+07,;3.66196e+07,-2.16033e+07,;3.75403e+07,-2.13975e+07,;3.78228e+07,-2.04964e+07,;3.86807e+07,-2.01038e+07,;4.04685e+07,-1.97041e+07,)|",Series 1,66%,96%,28,>11
compound-008,8,"C/C=C/CCC1([C@@H](/C=[CH]/[Mg][Br])OCOC)OCCO1 |(1.31996e+07,-2.44187e+06,;1.2115e+07,-3.01859e+06,;1.1073e+07,-2.36782e+06,;9.98769e+06,-2.94453e+06,;8.94566e+06,-2.29376e+06,;7.79878e+06,-2.85082e+06,;6.75021e+06,-2.22822e+06,;5.66886e+06,-2.85082e+06,;4.58752e+06,-2.22822e+06,;3.21126e+06,-2.94912e+06,;2.67256e+06,-4.0534e+06,;6.75021e+06,-983040,;7.43768e+06,-2.00147e+06,;8.6632e+06,-1.91562e+06,;9.35068e+06,-2.93405e+06,;6.78298e+06,-3.70278e+06,;7.17619e+06,-4.78413e+06,;8.38861e+06,-4.78413e+06,;8.78182e+06,-3.70278e+06,),wU:6.10|",Series 1,67%,97%,31,>12
compound-009,9,"C/C=C/CCCCC/C=C/[C@@]1(C(=O)OC)C(=O)CC[C@H]1COCc1ccc(OC)cc1 |(1.00204e+06,-1.31806e+07,;2.20922e+06,-1.29506e+07,;2.61358e+06,-1.17906e+07,;3.82075e+06,-1.15612e+07,;4.22576e+06,-1.04012e+07,;5.43293e+06,-1.01712e+07,;5.83795e+06,-9.0112e+06,;7.04512e+06,-8.78182e+06,;5.7344e+06,-7.99539e+06,;4.78413e+06,-8.55245e+06,;3.76832e+06,-8.0937e+06,;4.39091e+06,-7.01235e+06,;3.54943e+06,-7.90757e+06,;4.03636e+06,-5.83598e+06,;2.84033e+06,-5.55418e+06,;2.75251e+06,-7.34003e+06,;2.75251e+06,-6.22592e+06,;1.76947e+06,-8.0937e+06,;2.12992e+06,-9.24058e+06,;3.34234e+06,-9.24058e+06,;4.03046e+06,-1.01253e+07,;5.24288e+06,-1.00925e+07,;5.47226e+06,-1.12997e+07,;6.63224e+06,-1.17047e+07,;6.86227e+06,-1.29119e+07,;8.02226e+06,-1.33169e+07,;8.95287e+06,-1.25141e+07,;1.01129e+07,-1.29191e+07,;1.03429e+07,-1.41263e+07,;8.7235e+06,-1.13069e+07,;7.56351e+06,-1.09026e+07,),wD:19.20,wU:10.10|",Series 1,68%,98%,34,>13
compound-010,10,"C[C@H](O)C(=O)O |(9.05904e+06,-2.01595e+07,;8.36502e+06,-1.95199e+07,;8.57145e+06,-1.85991e+07,;7.4639e+06,-1.98017e+07,;7.25746e+06,-2.07225e+07,;6.76987e+06,-1.91621e+07,),wU:1.0|",Series 1,69%,99%,37,>14
compound-011,11,"COC(=O)[C@H](C)O |(1.85722e+07,-1.94439e+07,;1.94727e+07,-1.91621e+07,;2.01674e+07,-1.98017e+07,;1.9961e+07,-2.07225e+07,;2.10679e+07,-1.95199e+07,;2.17619e+07,-2.01595e+07,;2.12743e+07,-1.85991e+07,),wU:4.4|",Series 1,70%,90%,40,>15
compound-012,12,"Brc1ncnc2sccc12 |(5.45915e+06,-1.86823e+07,;6.09812e+06,-1.93777e+07,;5.81566e+06,-2.02781e+07,;6.45464e+06,-2.09722e+07,;7.37608e+06,-2.07664e+07,;7.65788e+06,-1.98659e+07,;8.51575e+06,-1.94727e+07,;8.40696e+06,-1.85355e+07,;7.48224e+06,-1.83494e+07,;7.0189e+06,-1.91712e+07,)|",Series 1,71%,91%,<10,>16
compound-013,13,"C1COCCN1 |(1.42534e+07,-1.79352e+07,;1.36144e+07,-1.72406e+07,;1.2693e+07,-1.74463e+07,;1.24112e+07,-1.83468e+07,;1.30502e+07,-1.90415e+07,;1.3971e+07,-1.88357e+07,)|",Series 2,72%,92%,46,>17
compound-014,14,"c1nc(N2CCOCC2)c2ccsc2n1 |(2.06098e+07,-2.16033e+07,;1.99708e+07,-2.09086e+07,;2.02526e+07,-2.00081e+07,;1.96136e+07,-1.93135e+07,;1.98961e+07,-1.8413e+07,;1.92571e+07,-1.77183e+07,;1.83363e+07,-1.79241e+07,;1.80539e+07,-1.88252e+07,;1.86928e+07,-1.95192e+07,;2.11734e+07,-1.98024e+07,;2.16367e+07,-1.89799e+07,;2.25621e+07,-1.9166e+07,;2.26709e+07,-2.01038e+07,;2.18123e+07,-2.04964e+07,;2.15305e+07,-2.13975e+07,)|",Series 2,73%,93%,,>18
compound-015,15,"Cc1ccc(S(=O)(=O)OCc2ccc[nH]2)cc1 |(2.48467e+07,-1.55333e+07,;2.57471e+07,-1.58158e+07,;2.64418e+07,-1.51768e+07,;2.73423e+07,-1.54586e+07,;2.75481e+07,-1.63801e+07,;2.84485e+07,-1.66619e+07,;2.81667e+07,-1.75623e+07,;2.8731e+07,-1.57614e+07,;2.9349e+07,-1.69443e+07,;2.95554e+07,-1.78651e+07,;3.04559e+07,-1.81469e+07,;3.07567e+07,-1.90415e+07,;3.17004e+07,-1.90317e+07,;3.19829e+07,-1.81312e+07,;3.12135e+07,-1.75846e+07,;2.68534e+07,-1.7019e+07,;2.59529e+07,-1.67366e+07,)|",Series 2,74%,94%,52,>19
compound-016,16,"c1c[nH]c(Cc2cc3c(N4CCOCC4)ncnc3s2)c1 |(4.14122e+07,-1.96936e+07,;4.1694e+07,-1.87931e+07,;4.09246e+07,-1.82465e+07,;4.0167e+07,-1.88095e+07,;3.92665e+07,-1.85277e+07,;3.85719e+07,-1.9166e+07,;3.76472e+07,-1.89799e+07,;3.71838e+07,-1.98024e+07,;3.6263e+07,-2.00081e+07,;3.56241e+07,-1.93135e+07,;3.59059e+07,-1.8413e+07,;3.52669e+07,-1.77183e+07,;3.43461e+07,-1.79241e+07,;3.40643e+07,-1.88252e+07,;3.47026e+07,-1.95192e+07,;3.59806e+07,-2.09086e+07,;3.66196e+07,-2.16033e+07,;3.75403e+07,-2.13975e+07,;3.78228e+07,-2.04964e+07,;3.86807e+07,-2.01038e+07,;4.04685e+07,-1.97041e+07,)|",Series 2,75%,95%,55,>20
compound-017,17,"C/C=C/CCC1([C@@H](/C=[CH]/[Mg][Br])OCOC)OCCO1 |(1.31996e+07,-2.44187e+06,;1.2115e+07,-3.01859e+06,;1.1073e+07,-2.36782e+06,;9.98769e+06,-2.94453e+06,;8.94566e+06,-2.29376e+06,;7.79878e+06,-2.85082e+06,;6.75021e+06,-2.22822e+06,;5.66886e+06,-2.85082e+06,;4.58752e+06,-2.22822e+06,;3.21126e+06,-2.94912e+06,;2.67256e+06,-4.0534e+06,;6.75021e+06,-983040,;7.43768e+06,-2.00147e+06,;8.6632e+06,-1.91562e+06,;9.35068e+06,-2.93405e+06,;6.78298e+06,-3.70278e+06,;7.17619e+06,-4.78413e+06,;8.38861e+06,-4.78413e+06,;8.78182e+06,-3.70278e+06,),wU:6.10|",Series 2,76%,96%,58,>21
compound-018,18,"C/C=C/CCCCC/C=C/[C@@]1(C(=O)OC)C(=O)CC[C@H]1COCc1ccc(OC)cc1 |(1.00204e+06,-1.31806e+07,;2.20922e+06,-1.29506e+07,;2.61358e+06,-1.17906e+07,;3.82075e+06,-1.15612e+07,;4.22576e+06,-1.04012e+07,;5.43293e+06,-1.01712e+07,;5.83795e+06,-9.0112e+06,;7.04512e+06,-8.78182e+06,;5.7344e+06,-7.99539e+06,;4.78413e+06,-8.55245e+06,;3.76832e+06,-8.0937e+06,;4.39091e+06,-7.01235e+06,;3.54943e+06,-7.90757e+06,;4.03636e+06,-5.83598e+06,;2.84033e+06,-5.55418e+06,;2.75251e+06,-7.34003e+06,;2.75251e+06,-6.22592e+06,;1.76947e+06,-8.0937e+06,;2.12992e+06,-9.24058e+06,;3.34234e+06,-9.24058e+06,;4.03046e+06,-1.01253e+07,;5.24288e+06,-1.00925e+07,;5.47226e+06,-1.12997e+07,;6.63224e+06,-1.17047e+07,;6.86227e+06,-1.29119e+07,;8.02226e+06,-1.33169e+07,;8.95287e+06,-1.25141e+07,;1.01129e+07,-1.29191e+07,;1.03429e+07,-1.41263e+07,;8.7235e+06,-1.13069e+07,;7.56351e+06,-1.09026e+07,),wD:19.20,wU:10.10|",Series 2,77%,97%,61,>22
compound-019,19,"C[C@H](O)C(=O)O |(9.05904e+06,-2.01595e+07,;8.36502e+06,-1.95199e+07,;8.57145e+06,-1.85991e+07,;7.4639e+06,-1.98017e+07,;7.25746e+06,-2.07225e+07,;6.76987e+06,-1.91621e+07,),wU:1.0|",Series 2,78%,98%,64,>23
compound-020,20,"COC(=O)[C@H](C)O |(1.85722e+07,-1.94439e+07,;1.94727e+07,-1.91621e+07,;2.01674e+07,-1.98017e+07,;1.9961e+07,-2.07225e+07,;2.10679e+07,-1.95199e+07,;2.17619e+07,-2.01595e+07,;2.12743e+07,-1.85991e+07,),wU:4.4|",Series 2,79%,99%,67,>24
compound-021,21,"Brc1ncnc2sccc12 |(5.45915e+06,-1.86823e+07,;6.09812e+06,-1.93777e+07,;5.81566e+06,-2.02781e+07,;6.45464e+06,-2.09722e+07,;7.37608e+06,-2.07664e+07,;7.65788e+06,-1.98659e+07,;8.51575e+06,-1.94727e+07,;8.40696e+06,-1.85355e+07,;7.48224e+06,-1.83494e+07,;7.0189e+06,-1.91712e+07,)|",Series 2,80%,90%,70,>25
compound-022,22,"C1COCCN1 |(1.42534e+07,-1.79352e+07,;1.36144e+07,-1.72406e+07,;1.2693e+07,-1.74463e+07,;1.24112e+07,-1.83468e+07,;1.30502e+07,-1.90415e+07,;1.3971e+07,-1.88357e+07,)|",Series 2,81%,91%,73,>26
compound-023,23,"c1nc(N2CCOCC2)c2ccsc2n1 |(2.06098e+07,-2.16033e+07,;1.99708e+07,-2.09086e+07,;2.02526e+07,-2.00081e+07,;1.96136e+07,-1.93135e+07,;1.98961e+07,-1.8413e+07,;1.92571e+07,-1.77183e+07,;1.83363e+07,-1.79241e+07,;1.80539e+07,-1.88252e+07,;1.86928e+07,-1.95192e+07,;2.11734e+07,-1.98024e+07,;2.16367e+07,-1.89799e+07,;2.25621e+07,-1.9166e+07,;2.26709e+07,-2.01038e+07,;2.18123e+07,-2.04964e+07,;2.15305e+07,-2.13975e+07,)|",Series 2,82%,92%,<10,>27
compound-024,24,"Cc1ccc(S(=O)(=O)OCc2ccc[nH]2)cc1 |(2.48467e+07,-1.55333e+07,;2.57471e+07,-1.58158e+07,;2.64418e+07,-1.51768e+07,;2.73423e+07,-1.54586e+07,;2.75481e+07,-1.63801e+07,;2.84485e+07,-1.66619e+07,;2.81667e+07,-1.75623e+07,;2.8731e+07,-1.57614e+07,;2.9349e+07,-1.69443e+07,;2.95554e+07,-1.78651e+07,;3.04559e+07,-1.81469e+07,;3.07567e+07,-1.90415e+07,;3.17004e+07,-1.90317e+07,;3.19829e+07,-1.81312e+07,;3.12135e+07,-1.75846e+07,;2.68534e+07,-1.7019e+07,;2.59529e+07,-1.67366e+07,)|",Series 2,83%,93%,79,>28
compound-025,25,"c1c[nH]c(Cc2cc3c(N4CCOCC4)ncnc3s2)c1 |(4.14122e+07,-1.96936e+07,;4.1694e+07,-1.87931e+07,;4.09246e+07,-1.82465e+07,;4.0167e+07,-1.88095e+07,;3.92665e+07,-1.85277e+07,;3.85719e+07,-1.9166e+07,;3.76472e+07,-1.89799e+07,;3.71838e+07,-1.98024e+07,;3.6263e+07,-2.00081e+07,;3.56241e+07,-1.93135e+07,;3.59059e+07,-1.8413e+07,;3.52669e+07,-1.77183e+07,;3.43461e+07,-1.79241e+07,;3.40643e+07,-1.88252e+07,;3.47026e+07,-1.95192e+07,;3.59806e+07,-2.09086e+07,;3.66196e+07,-2.16033e+07,;3.75403e+07,-2.13975e+07,;3.78228e+07,-2.04964e+07,;3.86807e+07,-2.01038e+07,;4.04685e+07,-1.97041e+07,)|",Series 3,84%,94%,82,>29
compound-026,26,"C/C=C/CCC1([C@@H](/C=[CH]/[Mg][Br])OCOC)OCCO1 |(1.31996e+07,-2.44187e+06,;1.2115e+07,-3.01859e+06,;1.1073e+07,-2.36782e+06,;9.98769e+06,-2.94453e+06,;8.94566e+06,-2.29376e+06,;7.79878e+06,-2.85082e+06,;6.75021e+06,-2.22822e+06,;5.66886e+06,-2.85082e+06,;4.58752e+06,-2.22822e+06,;3.21126e+06,-2.94912e+06,;2.67256e+06,-4.0534e+06,;6.75021e+06,-983040,;7.43768e+06,-2.00147e+06,;8.6632e+06,-1.91562e+06,;9.35068e+06,-2.93405e+06,;6.78298e+06,-3.70278e+06,;7.17619e+06,-4.78413e+06,;8.38861e+06,-4.78413e+06,;8.78182e+06,-3.70278e+06,),wU:6.10|",Series 3,85%,95%,85,>30
compound-027,27,"C/C=C/CCCCC/C=C/[C@@]1(C(=O)OC)C(=O)CC[C@H]1COCc1ccc(OC)cc1 |(1.00204e+06,-1.31806e+07,;2.20922e+06,-1.29506e+07,;2.61358e+06,-1.17906e+07,;3.82075e+06,-1.15612e+07,;4.22576e+06,-1.04012e+07,;5.43293e+06,-1.01712e+07,;5.83795e+06,-9.0112e+06,;7.04512e+06,-8.78182e+06,;5.7344e+06,-7.99539e+06,;4.78413e+06,-8.55245e+06,;3.76832e+06,-8.0937e+06,;4.39091e+06,-7.01235e+06,;3.54943e+06,-7.90757e+06,;4.03636e+06,-5.83598e+06,;2.84033e+06,-5.55418e+06,;2.75251e+06,-7.34003e+06,;2.75251e+06,-6.22592e+06,;1.76947e+06,-8.0937e+06,;2.12992e+06,-9.24058e+06,;3.34234e+06,-9.24058e+06,;4.03046e+06,-1.01253e+07,;5.24288e+06,-1.00925e+07,;5.47226e+06,-1.12997e+07,;6.63224e+06,-1.17047e+07,;6.86227e+06,-1.29119e+07,;8.02226e+06,-1.33169e+07,;8.95287e+06,-1.25141e+07,;1.01129e+07,-1.29191e+07,;1.03429e+07,-1.41263e+07,;8.7235e+06,-1.13069e+07,;7.56351e+06,-1.09026e+07,),wD:19.20,wU:10.10|",Series 3,86%,96%,,>31
compound-028,28,"C[C@H](O)C(=O)O |(9.05904e+06,-2.01595e+07,;8.36502e+06,-1.95199e+07,;8.57145e+06,-1.85991e+07,;7.4639e+06,-1.98017e+07,;7.25746e+06,-2.07225e+07,;6.76987e+06,-1.91621e+07,),wU:1.0|",Series 3,87%,97%,91,>32
compound-029,29,"COC(=O)[C@H](C)O |(1.85722e+07,-1.94439e+07,;1.94727e+07,-1.91621e+07,;2.01674e+07,-1.98017e+07,;1.9961e+07,-2.07225e+07,;2.10679e+07,-1.95199e+07,;2.17619e+07,-2.01595e+07,;2.12743e+07,-1.85991e+07,),wU:4.4|",Series 3,88%,98%,94,>33
compound-030,30,"Brc1ncnc2sccc12 |(5.45915e+06,-1.86823e+07,;6.09812e+06,-1.93777e+07,;5.81566e+06,-2.02781e+07,;6.45464e+06,-2.09722e+07,;7.37608e+06,-2.07664e+07,;7.65788e+06,-1.98659e+07,;8.51575e+06,-1.94727e+07,;8.40696e+06,-1.85355e+07,;7.48224e+06,-1.83494e+07,;7.0189e+06,-1.91712e+07,)|",Series 3,89%,99%,97,>34
compound-031,31,"C1COCCN1 |(1.42534e+07,-1.79352e+07,;1.36144e+07,-1.72406e+07,;1.2693e+07,-1.74463e+07,;1.24112e+07,-1.83468e+07,;1.30502e+07,-1.90415e+07,;1.3971e+07,-1.88357e+07,)|",Series 3,90%,90%,100,>35
compound-032,32,"c1nc(N2CCOCC2)c2ccsc2n1 |(2.06098e+07,-2.16033e+07,;1.99708e+07,-2.09086e+07,;2.02526e+07,-2.00081e+07,;1.96136e+07,-1.93135e+07,;1.98961e+07,-1.8413e+07,;1.92571e+07,-1.77183e+07,;1.83363e+07,-1.79241e+07,;1.80539e+07,-1.88252e+07,;1.86928e+07,-1.95192e+07,;2.11734e+07,-1.98024e+07,;2.16367e+07,-1.89799e+07,;2.25621e+07,-1.9166e+07,;2.26709e+07,-2.01038e+07,;2.18123e+07,-2.04964e+07,;2.15305e+07,-2.13975e+07,)|",Series 3,60%,91%,103,>36
compound-033,33,"Cc1ccc(S(=O)(=O)OCc2ccc[nH]2)cc1 |(2.48467e+07,-1.55333e+07,;2.57471e+07,-1.58158e+07,;2.64418e+07,-1.51768e+07,;2.73423e+07,-1.54586e+07,;2.75481e+07,-1.63801e+07,;2.84485e+07,-1.66619e+07,;2.81667e+07,-1.75623e+07,;2.8731e+07,-1.57614e+07,;2.9349e+07,-1.69443e+07,;2.95554e+07,-1.78651e+07,;3.04559e+07,-1.81469e+07,;3.07567e+07,-1.90415e+07,;3.17004e+07,-1.90317e+07,;3.19829e+07,-1.81312e+07,;3.12135e+07,-1.75846e+07,;2.68534e+07,-1.7019e+07,;2.59529e+07,-1.67366e+07,)|",Series 3,61%,92%,106,>37
compound-034,34,"c1c[nH]c(Cc2cc3c(N4CCOCC4)ncnc3s2)c1 |(4.14122e+07,-1.96936e+07,;4.1694e+07,-1.87931e+07,;4.09246e+07,-1.82465e+07,;4.0167e+07,-1.88095e+07,;3.92665e+07,-1.85277e+07,;3.85719e+07,-1.9166e+07,;3.76472e+07,-1.89799e+07,;3.71838e+07,-1.98024e+07,;3.6263e+07,-2.00081e+07,;3.56241e+07,-1.93135e+07,;3.59059e+07,-1.8413e+07,;3.52669e+07,-1.77183e+07,;3.43461e+07,-1.79241e+07,;3.40643e+07,-1.88252e+07,;3.47026e+07,-1.95192e+07,;3.59806e+07,-2.09086e+07,;3.66196e+07,-2.16033e+07,;3.75403e+07,-2.13975e+07,;3.78228e+07,-2.04964e+07,;3.86807e+07,-2.01038e+07,;4.04685e+07,-1.97041e+07,)|",Series 3,62%,93%,<10,>38
compound-035,35,"C/C=C/CCC1([C@@H](/C=[CH]/[Mg][Br])OCOC)OCCO1 |(1.31996e+07,-2.44187e+06,;1.2115e+07,-3.01859e+06,;1.1073e+07,-2.36782e+06,;9.98769e+06,-2.94453e+06,;8.94566e+06,-2.29376e+06,;7.79878e+06,-2.85082e+06,;6.75021e+06,-2.22822e+06,;5.66886e+06,-2.85082e+06,;4.58752e+06,-2.22822e+06,;3.21126e+06,-2.94912e+06,;2.67256e+06,-4.0534e+06,;6.75021e+06,-983040,;7.43768e+06,-2.00147e+06,;8.6632e+06,-1.91562e+06,;9.35068e+06,-2.93405e+06,;6.78298e+06,-3.70278e+06,;7.17619e+06,-4.78413e+06,;8.38861e+06,-4.78413e+06,;8.78182e+06,-3.70278e+06,),wU:6.10|",Series 3,63%,94%,112,>39
compound-036,36,"C/C=C/CCCCC/C=C/[C@@]1(C(=O)OC)C(=O)CC[C@H]1COCc1ccc(OC)cc1 |(1.00204e+06,-1.31806e+07,;2.20922e+06,-1.29506e+07,;2.61358e+06,-1.17906e+07,;3.82075e+06,-1.15612e+07,;4.22576e+06,-1.04012e+07,;5.43293e+06,-1.01712e+07,;5.83795e+06,-9.0112e+06,;7.04512e+06,-8.78182e+06,;5.7344e+06,-7.99539e+06,;4.78413e+06,-8.55245e+06,;3.76832e+06,-8.0937e+06,;4.39091e+06,-7.01235e+06,;3.54943e+06,-7.90757e+06,;4.03636e+06,-5.83598e+06,;2.84033e+06,-5.55418e+06,;2.75251e+06,-7.34003e+06,;2.75251e+06,-6.22592e+06,;1.76947e+06,-8.0937e+06,;2.12992e+06,-9.24058e+06,;3.34234e+06,-9.24058e+06,;4.03046e+06,-1.01253e+07,;5.24288e+06,-1.00925e+07,;5.47226e+06,-1.12997e+07,;6.63224e+06,-1.17047e+07,;6.86227e+06,-1.29119e+07,;8.02226e+06,-1.33169e+07,;8.95287e+06,-1.25141e+07,;1.01129e+07,-1.29191e+07,;1.03429e+07,-1.41263e+07,;8.7235e+06,-1.13069e+07,;7.56351e+06,-1.09026e+07,),wD:19.20,wU:10.10|",Series 3,64%,95%,115,>40
compound-037,37,"C[C@H](O)C(=O)O |(9.05904e+06,-2.01595e+07,;8.36502e+06,-1.95199e+07,;8.57145e+06,-1.85991e+07,;7.4639e+06,-1.98017e+07,;7.25746e+06,-2.07225e+07,;6.76987e+06,-1.91621e+07,),wU:1.0|",Series 4,65%,96%,118,>41
compound-038,38,"COC(=O)[C@H](C)O |(1.85722e+07,-1.94439e+07,;1.94727e+07,-1.91621e+07,;2.01674e+07,-1.98017e+07,;1.9961e+07,-2.07225e+07,;2.10679e+07,-1.95199e+07,;2.17619e+07,-2.01595e+07,;2.12743e+07,-1.85991e+07,),wU:4.4|",Series 4,66%,97%,121,>42
compound-039,39,"Brc1ncnc2sccc12 |(5.45915e+06,-1.86823e+07,;6.09812e+06,-1.93777e+07,;5.81566e+06,-2.02781e+07,;6.45464e+06,-2.09722e+07,;7.37608e+06,-2.07664e+07,;7.65788e+06,-1.98659e+07,;8.51575e+06,-1.94727e+07,;8.40696e+06,-1.85355e+07,;7.48224e+06,-1.83494e+07,;7.0189e+06,-1.91712e+07,)|",Series 4,67%,98%,124,>43
compound-040,40,"C1COCCN1 |(1.42534e+07,-1.79352e+07,;1.36144e+07,-1.72406e+07,;1.2693e+07,-1.74463e+07,;1.24112e+07,-1.83468e+07,;1.30502e+07,-1.90415e+07,;1.3971e+07,-1.88357e+07,)|",Series 4,68%,99%,,>44
compound-041,41,"c1nc(N2CCOCC2)c2ccsc2n1 |(2.06098e+07,-2.16033e+07,;1.99708e+07,-2.09086e+07,;2.02526e+07,-2.00081e+07,;1.96136e+07,-1.93135e+07,;1.98961e+07,-1.8413e+07,;1.92571e+07,-1.77183e+07,;1.83363e+07,-1.79241e+07,;1.80539e+07,-1.88252e+07,;1.86928e+07,-1.95192e+07,;2.11734e+07,-1.98024e+07,;2.16367e+07,-1.89799e+07,;2.25621e+07,-1.9166e+07,;2.26709e+07,-2.01038e+07,;2.18123e+07,-2.04964e+07,;2.15305e+07,-2.13975e+07,)|",Series 4,69%,90%,130,>45
compound-042,42,"Cc1ccc(S(=O)(=O)OCc2ccc[nH]2)cc1 |(2.48467e+07,-1.55333e+07,;2.57471e+07,-1.58158e+07,;2.64418e+07,-1.51768e+07,;2.73423e+07,-1.54586e+07,;2.75481e+07,-1.63801e+07,;2.84485e+07,-1.66619e+07,;2.81667e+07,-1.75623e+07,;2.8731e+07,-1.57614e+07,;2.9349e+07,-1.69443e+07,;2.95554e+07,-1.78651e+07,;3.04559e+07,-1.81469e+07,;3.07567e+07,-1.90415e+07,;3.17004e+07,-1.90317e+07,;3.19829e+07,-1.81312e+07,;3.12135e+07,-1.75846e+07,;2.68534e+07,-1.7019e+07,;2.59529e+07,-1.67366e+07,)|",Series 4,70%,91%,133,>46
compound-043,43,"c1c[nH]c(Cc2cc3c(N4CCOCC4)ncnc3s2)c1 |(4.14122e+07,-1.96936e+07,;4.1694e+07,-1.87931e+07,;4.09246e+07,-1.82465e+07,;4.0167e+07,-1.88095e+07,;3.92665e+07,-1.85277e+07,;3.85719e+07,-1.9166e+07,;3.76472e+07,-1.89799e+07,;3.71838e+07,-1.98024e+07,;3.6263e+07,-2.00081e+07,;3.56241e+07,-1.93135e+07,;3.59059e+07,-1.8413e+07,;3.52669e+07,-1.77183e+07,;3.43461e+07,-1.79241e+07,;3.40643e+07,-1.88252e+07,;3.47026e+07,-1.95192e+07,;3.59806e+07,-2.09086e+07,;3.66196e+07,-2.16033e+07,;3.75403e+07,-2.13975e+07,;3.78228e+07,-2.04964e+07,;3.86807e+07,-2.01038e+07,;4.04685e+07,-1.97041e+07,)|",Series 4,71%,92%,136,>47
compound-044,44,"C/C=C/CCC1([C@@H](/C=[CH]/[Mg][Br])OCOC)OCCO1 |(1.31996e+07,-2.44187e+06,;1.2115e+07,-3.01859e+06,;1.1073e+07,-2.36782e+06,;9.98769e+06,-2.94453e+06,;8.94566e+06,-2.29376e+06,;7.79878e+06,-2.85082e+06,;6.75021e+06,-2.22822e+06,;5.66886e+06,-2.85082e+06,;4.58752e+06,-2.22822e+06,;3.21126e+06,-2.94912e+06,;2.67256e+06,-4.0534e+06,;6.75021e+06,-983040,;7.43768e+06,-2.00147e+06,;8.6632e+06,-1.91562e+06,;9.35068e+06,-2.93405e+06,;6.78298e+06,-3.70278e+06,;7.17619e+06,-4.78413e+06,;8.38861e+06,-4.78413e+06,;8.78182e+06,-3.70278e+06,),wU:6.10|",Series 4,72%,93%,139,>48
compound-045,45,"C/C=C/CCCCC/C=C/[C@@]1(C(=O)OC)C(=O)CC[C@H]1COCc1ccc(OC)cc1 |(1.00204e+06,-1.31806e+07,;2.20922e+06,-1.29506e+07,;2.61358e+06,-1.17906e+07,;3.82075e+06,-1.15612e+07,;4.22576e+06,-1.04012e+07,;5.43293e+06,-1.01712e+07,;5.83795e+06,-9.0112e+06,;7.04512e+06,-8.78182e+06,;5.7344e+06,-7.99539e+06,;4.78413e+06,-8.55245e+06,;3.76832e+06,-8.0937e+06,;4.39091e+06,-7.01235e+06,;3.54943e+06,-7.90757e+06,;4.03636e+06,-5.83598e+06,;2.84033e+06,-5.55418e+06,;2.75251e+06,-7.34003e+06,;2.75251e+06,-6.22592e+06,;1.76947e+06,-8.0937e+06,;2.12992e+06,-9.24058e+06,;3.34234e+06,-9.24058e+06,;4.03046e+06,-1.01253e+07,;5.24288e+06,-1.00925e+07,;5.47226e+06,-1.12997e+07,;6.63224e+06,-1.17047e+07,;6.86227e+06,-1.29119e+07,;8.02226e+06,-1.33169e+07,;8.95287e+06,-1.25141e+07,;1.01129e+07,-1.29191e+07,;1.03429e+07,-1.41263e+07,;8.7235e+06,-1.13069e+07,;7.56351e+06,-1.09026e+07,),wD:19.20,wU:10.10|",Series 4,73%,94%,<10,>49
compound-046,46,"C[C@H](O)C(=O)O |(9.05904e+06,-2.01595e+07,;8.36502e+06,-1.95199e+07,;8.57145e+06,-1.85991e+07,;7.4639e+06,-1.98017e+07,;7.25746e+06,-2.07225e+07,;6.76987e+06,-1.91621e+07,),wU:1.0|",Series 4,74%,95%,145,>50
compound-047,47,"COC(=O)[C@H](C)O |(1.85722e+07,-1.94439e+07,;1.94727e+07,-1.91621e+07,;2.01674e+07,-1.98017e+07,;1.9961e+07,-2.07225e+07,;2.10679e+07,-1.95199e+07,;2.17619e+07,-2.01595e+07,;2.12743e+07,-1.85991e+07,),wU:4.4|",Series 4,75%,96%,148,>51
compound-048,48,"Brc1ncnc2sccc12 |(5.45915e+06,-1.86823e+07,;6.09812e+06,-1.93777e+07,;5.81566e+06,-2.02781e+07,;6.45464e+06,-2.09722e+07,;7.37608e+06,-2.07664e+07,;7.65788e+06,-1.98659e+07,;8.51575e+06,-1.94727e+07,;8.40696e+06,-1.85355e+07,;7.48224e+06,-1.83494e+07,;7.0189e+06,-1.91712e+07,)|",Series 4,76%,97%,151,>52
